text,sentiment
آءٌ اڄ خوش آهيان,positive
مون کي هي فلم نه وڻي,negative
اڄ جو ڏينهن سٺو هو,positive
مون کي هن شيءِ سان نفرت آهي,negative
هي بهترين تجربي مان هڪ آهي,positive
هي موسم تمام خراب آهي,negative
آءٌ تمام خوش محسوس ڪري رهيو آهيان,positive
مون کي مايوسي ٿي آهي,negative
هي ڪم سٺو ٿيو,positive
هي خدمت تمام خراب هئي,negative
مون کي سٺو محسوس ٿيو,positive
هي تمام خراب تجربي هو,negative
مون کي سٺي خبر ملي,positive
هي خوفناڪ آهي,negative
آءٌ پرجوش آهيان,positive
مون کي ڏک آهي,negative
هي بهترين ڏينهن آهي,positive
مون کي هن شيءِ سان پيار آهي,positive
هي خراب آهي,negative
هي سٺو آهي,positive
هي فلم ڏاڍي مزيدار هئي.,Positive
نتيجو اميدن مطابق بهترين نڪتو.,Positive
هو مارڪيٽ ويو هو.,Neutral
اهو ڏينهن خوشيءَ سان ڀرپور هو.,Positive
مان تمام گهڻو مطمئن آهيان.,Positive
مان چانهه پي رهيو آهيان.,Neutral
پروجيڪٽ تي ڪم جاري آهي.,Neutral
زندگي تمام خوبصورت آهي.,Positive
اهو ماڻهو پارڪ ۾ آهي.,Neutral
هي فلم بلڪل خراب هئي.,Negative
مون کي هي شيءِ تمام گهڻي پسند آئي.,Positive
مون کي هي شيءِ بلڪل پسند نه آئي.,Negative
توهان جو ڪم بهترين آهي.,Positive
توهان جو ڪم بهترين آهي.,Positive
مان چانهه پي رهيو آهيان.,Neutral
مان تمام گهڻو مطمئن آهيان.,Positive
هي جڳهه تمام شور شرابو ۽ بي آرام آهي.,Negative
هي جڳهه تمام شور شرابو ۽ بي آرام آهي.,Negative
زندگي تمام خوبصورت آهي.,Positive
مون کي هي شيءِ تمام گهڻي پسند آئي.,Positive
مان تمام گهڻو مطمئن آهيان.,Positive
هن جو رويي تمام سٺو هو.,Positive
ڪلاس وقت تي شروع ٿيو.,Neutral
مان چانهه پي رهيو آهيان.,Neutral
هو ٽي وي ڏسي رهيو هو.,Neutral
اهو ماڻهو پارڪ ۾ آهي.,Neutral
ڪلاس وقت تي شروع ٿيو.,Neutral
اڄ سومر آهي.,Neutral
توهان سان ڳالهائڻ جو تجربو خراب هو.,Negative
توهان جو رويو بلڪل سٺو نه هو.,Negative
اڄ موسم عام آهي.,Neutral
اڄ سومر آهي.,Neutral
هي فلم ڏاڍي مزيدار هئي.,Positive
توهان سان ڳالهائڻ جو تجربو خراب هو.,Negative
ڪتاب ميز تي رکيل آهي.,Neutral
نتيجو اميدن مطابق بهترين نڪتو.,Positive
توهان جو ڪم بهترين آهي.,Positive
توهان سان ڳالهائڻ جو تجربو خراب هو.,Negative
هو دڪان مان واپس آيو.,Neutral
هي فلم بلڪل خراب هئي.,Negative
هو دڪان مان واپس آيو.,Neutral
ڪلاس وقت تي شروع ٿيو.,Neutral
هن جو رويي تمام سٺو هو.,Positive
ڪتاب ميز تي رکيل آهي.,Neutral
نتيجو اميدن مطابق بهترين نڪتو.,Positive
هو دڪان مان واپس آيو.,Neutral
زندگي تمام خوبصورت آهي.,Positive
اهو ڏينهن خوشيءَ سان ڀرپور هو.,Positive
مون کي هي شيءِ تمام گهڻي پسند آئي.,Positive
هي جڳهه تمام پرسڪون ۽ شاندار آهي.,Positive
هو مارڪيٽ ويو هو.,Neutral
هي فلم ڏاڍي مزيدار هئي.,Positive
مان تمام گهڻو مايوس آهيان.,Negative
هو ٽي وي ڏسي رهيو هو.,Neutral
مون کي هي شيءِ تمام گهڻي پسند آئي.,Positive
مان تمام گهڻو مايوس آهيان.,Negative
هي فلم بلڪل خراب هئي.,Negative
اهو ماڻهو پارڪ ۾ آهي.,Neutral
مان تمام گهڻو مطمئن آهيان.,Positive
هي فلم ڏاڍي مزيدار هئي.,Positive
مان چانهه پي رهيو آهيان.,Neutral
اڄ موسم عام آهي.,Neutral
اڄ سومر آهي.,Neutral
اڄ سومر آهي.,Neutral
مان چانهه پي رهيو آهيان.,Neutral
هي جڳهه تمام پرسڪون ۽ شاندار آهي.,Positive
مون کي هي ڪم ڪرڻ ۾ ڏکيائي ٿي.,Negative
پروجيڪٽ تي ڪم جاري آهي.,Neutral
مان تمام گهڻو مايوس آهيان.,Negative
هي فيصلو بلڪل غلط هو.,Negative
اڄ موسم عام آهي.,Neutral
هي فلم ڏاڍي مزيدار هئي.,Positive
مان تمام گهڻو مايوس آهيان.,Negative
هي فلم ڏاڍي مزيدار هئي.,Positive
اهو ڏينهن ڏاڍو خراب گذريو.,Negative
هو مارڪيٽ ويو هو.,Neutral
توهان سان ملڻ وڏي خوشي هئي.,Positive
اهو ماڻهو پارڪ ۾ آهي.,Neutral
اهو ڏينهن خوشيءَ سان ڀرپور هو.,Positive
هي جڳهه تمام پرسڪون ۽ شاندار آهي.,Positive
هو ٽي وي ڏسي رهيو هو.,Neutral
هو ٽي وي ڏسي رهيو هو.,Neutral
نتيجو اميدن مطابق بهترين نڪتو.,Positive
توهان سان ملڻ وڏي خوشي هئي.,Positive
پروجيڪٽ تي ڪم جاري آهي.,Neutral
توهان جو ڪم بهترين آهي.,Positive
اڄ موسم عام آهي.,Neutral
ڪلاس وقت تي شروع ٿيو.,Neutral
مون کي هي ڪم ڪرڻ ۾ ڏکيائي ٿي.,Negative
مان تمام گهڻو مايوس آهيان.,Negative
هن جو رويي تمام سٺو هو.,Positive
اڄ موسم عام آهي.,Neutral
توهان جو ڪم بهترين آهي.,Positive
مون کي هي ڪم ڪرڻ ۾ ڏکيائي ٿي.,Negative
هي فيصلو بلڪل غلط هو.,Negative
ڪتاب ميز تي رکيل آهي.,Neutral
هو دڪان مان واپس آيو.,Neutral
ڪلاس وقت تي شروع ٿيو.,Neutral
پروجيڪٽ تي ڪم جاري آهي.,Neutral
اهو ڏينهن ڏاڍو خراب گذريو.,Negative
هو ٽي وي ڏسي رهيو هو.,Neutral
هي جڳهه تمام پرسڪون ۽ شاندار آهي.,Positive
مان تمام گهڻو مايوس آهيان.,Negative
زندگي ڏاڍي ڏکي لڳي ٿي.,Negative
هن جو رويي تمام سٺو هو.,Positive
توهان جو ڪم بهترين آهي.,Positive
هو مارڪيٽ ويو هو.,Neutral
هو مارڪيٽ ويو هو.,Neutral
هو دڪان مان واپس آيو.,Neutral
هن جو رويي تمام سٺو هو.,Positive
هو دڪان مان واپس آيو.,Neutral
هي فلم ڏاڍي مزيدار هئي.,Positive
هن جو رويي تمام سٺو هو.,Positive
توهان جو ڪم بهترين آهي.,Positive
هي فيصلو بلڪل غلط هو.,Negative
نتيجو اميدن مطابق بهترين نڪتو.,Positive
مان تمام گهڻو مطمئن آهيان.,Positive
هي فيصلو بلڪل غلط هو.,Negative
مون کي هي شيءِ تمام گهڻي پسند آئي.,Positive
هو دڪان مان واپس آيو.,Neutral
پروجيڪٽ تي ڪم جاري آهي.,Neutral
مان چانهه پي رهيو آهيان.,Neutral
هي جڳهه تمام پرسڪون ۽ شاندار آهي.,Positive
هي جڳهه تمام پرسڪون ۽ شاندار آهي.,Positive
نتيجو اميدن مطابق بهترين نڪتو.,Positive
هو ٽي وي ڏسي رهيو هو.,Neutral
هي جڳهه تمام شور شرابو ۽ بي آرام آهي.,Negative
اهو ڏينهن ڏاڍو خراب گذريو.,Negative
توهان سان ڳالهائڻ جو تجربو خراب هو.,Negative
نتيجو اميدن مطابق بهترين نڪتو.,Positive
زندگي تمام خوبصورت آهي.,Positive
هي جڳهه تمام شور شرابو ۽ بي آرام آهي.,Negative
اهو ڏينهن ڏاڍو خراب گذريو.,Negative
زندگي تمام خوبصورت آهي.,Positive
اڄ سومر آهي.,Neutral
هي فيصلو بلڪل غلط هو.,Negative
هي جڳهه تمام شور شرابو ۽ بي آرام آهي.,Negative
زندگي ڏاڍي ڏکي لڳي ٿي.,Negative
هو مارڪيٽ ويو هو.,Neutral
توهان جو ڪم بهترين آهي.,Positive
هو ٽي وي ڏسي رهيو هو.,Neutral
زندگي ڏاڍي ڏکي لڳي ٿي.,Negative
ڪلاس وقت تي شروع ٿيو.,Neutral
مان چانهه پي رهيو آهيان.,Neutral
مان چانهه پي رهيو آهيان.,Neutral
ڪلاس وقت تي شروع ٿيو.,Neutral
ڪلاس وقت تي شروع ٿيو.,Neutral
ڪتاب ميز تي رکيل آهي.,Neutral
هي فلم بلڪل خراب هئي.,Negative
پروجيڪٽ تي ڪم جاري آهي.,Neutral
توهان سان ملڻ وڏي خوشي هئي.,Positive
هو مارڪيٽ ويو هو.,Neutral
هي جڳهه تمام پرسڪون ۽ شاندار آهي.,Positive
هو مارڪيٽ ويو هو.,Neutral
هي جڳهه تمام پرسڪون ۽ شاندار آهي.,Positive
مان تمام گهڻو مطمئن آهيان.,Positive
اهو ماڻهو پارڪ ۾ آهي.,Neutral
توهان جو ڪم بهترين آهي.,Positive
نتيجو اميدن مطابق بهترين نڪتو.,Positive
توهان جو رويو بلڪل سٺو نه هو.,Negative
مون کي هي شيءِ بلڪل پسند نه آئي.,Negative
اهو ڏينهن خوشيءَ سان ڀرپور هو.,Positive
زندگي ڏاڍي ڏکي لڳي ٿي.,Negative
هي جڳهه تمام شور شرابو ۽ بي آرام آهي.,Negative
توهان جو ڪم بهترين آهي.,Positive
هن جو رويي تمام سٺو هو.,Positive
زندگي ڏاڍي ڏکي لڳي ٿي.,Negative
توهان سان ملڻ وڏي خوشي هئي.,Positive
هن جو رويي تمام سٺو هو.,Positive
زندگي ڏاڍي ڏکي لڳي ٿي.,Negative
ڪلاس وقت تي شروع ٿيو.,Neutral
هو مارڪيٽ ويو هو.,Neutral
زندگي ڏاڍي ڏکي لڳي ٿي.,Negative
ڪلاس وقت تي شروع ٿيو.,Neutral
مان چانهه پي رهيو آهيان.,Neutral
ڪلاس وقت تي شروع ٿيو.,Neutral
هي جڳهه تمام شور شرابو ۽ بي آرام آهي.,Negative
زندگي تمام خوبصورت آهي.,Positive
زندگي تمام خوبصورت آهي.,Positive
توهان جو رويو بلڪل سٺو نه هو.,Negative
ڪتاب ميز تي رکيل آهي.,Neutral
هي جڳهه تمام شور شرابو ۽ بي آرام آهي.,Negative
مون کي هي شيءِ بلڪل پسند نه آئي.,Negative
مان تمام گهڻو مايوس آهيان.,Negative
توهان سان ملڻ وڏي خوشي هئي.,Positive
زندگي تمام خوبصورت آهي.,Positive
هو دڪان مان واپس آيو.,Neutral
اهو ماڻهو پارڪ ۾ آهي.,Neutral
ڪلاس وقت تي شروع ٿيو.,Neutral
اڄ سومر آهي.,Neutral
توهان سان ڳالهائڻ جو تجربو خراب هو.,Negative
توهان سان ملڻ وڏي خوشي هئي.,Positive
اهو ڏينهن ڏاڍو خراب گذريو.,Negative
هي فلم ڏاڍي مزيدار هئي.,Positive
هن جو رويي تمام سٺو هو.,Positive
توهان سان ڳالهائڻ جو تجربو خراب هو.,Negative
هي فيصلو بلڪل غلط هو.,Negative
مون کي هي ڪم ڪرڻ ۾ ڏکيائي ٿي.,Negative
هو ٽي وي ڏسي رهيو هو.,Neutral
هي فلم ڏاڍي مزيدار هئي.,Positive
مون کي هي شيءِ تمام گهڻي پسند آئي.,Positive
مان تمام گهڻو مطمئن آهيان.,Positive
نتيجو اميدن مطابق بهترين نڪتو.,Positive
نتيجو اميدن مطابق بهترين نڪتو.,Positive
زندگي تمام خوبصورت آهي.,Positive
اهو ڏينهن خوشيءَ سان ڀرپور هو.,Positive
اهو ڏينهن خوشيءَ سان ڀرپور هو.,Positive
توهان سان ملڻ وڏي خوشي هئي.,Positive
نتيجو اميدن مطابق بهترين نڪتو.,Positive
توهان جو ڪم بهترين آهي.,Positive
مون کي هي شيءِ تمام گهڻي پسند آئي.,Positive
مان تمام گهڻو مطمئن آهيان.,Positive
توهان جو ڪم بهترين آهي.,Positive
پروجيڪٽ تي ڪم جاري آهي.,Neutral
اهو ڏينهن خوشيءَ سان ڀرپور هو.,Positive
هو دڪان مان واپس آيو.,Neutral
زندگي ڏاڍي ڏکي لڳي ٿي.,Negative
هي فلم بلڪل خراب هئي.,Negative
هي فلم بلڪل خراب هئي.,Negative
ڪتاب ميز تي رکيل آهي.,Neutral
هو دڪان مان واپس آيو.,Neutral
هي جڳهه تمام شور شرابو ۽ بي آرام آهي.,Negative
مون کي هي شيءِ تمام گهڻي پسند آئي.,Positive
اڄ موسم عام آهي.,Neutral
زندگي ڏاڍي ڏکي لڳي ٿي.,Negative
مان چانهه پي رهيو آهيان.,Neutral
توهان سان ملڻ وڏي خوشي هئي.,Positive
توهان جو رويو بلڪل سٺو نه هو.,Negative
هي فيصلو بلڪل غلط هو.,Negative
هي فلم بلڪل خراب هئي.,Negative
هي فيصلو بلڪل غلط هو.,Negative
توهان جو ڪم بهترين آهي.,Positive
مان تمام گهڻو مايوس آهيان.,Negative
زندگي تمام خوبصورت آهي.,Positive
هو مارڪيٽ ويو هو.,Neutral
ڪتاب ميز تي رکيل آهي.,Neutral
مان تمام گهڻو مطمئن آهيان.,Positive
ڪتاب ميز تي رکيل آهي.,Neutral
پروجيڪٽ تي ڪم جاري آهي.,Neutral
اڄ سومر آهي.,Neutral
مون کي هي شيءِ بلڪل پسند نه آئي.,Negative
توهان سان ڳالهائڻ جو تجربو خراب هو.,Negative
هي فلم بلڪل خراب هئي.,Negative
مون کي هي شيءِ تمام گهڻي پسند آئي.,Positive
توهان جو ڪم بهترين آهي.,Positive
مان تمام گهڻو مطمئن آهيان.,Positive
مون کي هي شيءِ بلڪل پسند نه آئي.,Negative
زندگي تمام خوبصورت آهي.,Positive
توهان سان ملڻ وڏي خوشي هئي.,Positive
اهو ماڻهو پارڪ ۾ آهي.,Neutral
توهان سان ملڻ وڏي خوشي هئي.,Positive
زندگي تمام خوبصورت آهي.,Positive
توهان جو ڪم بهترين آهي.,Positive
اڄ سومر آهي.,Neutral
ڪلاس وقت تي شروع ٿيو.,Neutral
هي فلم بلڪل خراب هئي.,Negative
اڄ موسم عام آهي.,Neutral
پروجيڪٽ تي ڪم جاري آهي.,Neutral
مون کي هي شيءِ تمام گهڻي پسند آئي.,Positive
هي جڳهه تمام شور شرابو ۽ بي آرام آهي.,Negative
اهو ماڻهو پارڪ ۾ آهي.,Neutral
مان چانهه پي رهيو آهيان.,Neutral
اهو ماڻهو پارڪ ۾ آهي.,Neutral
اڄ سومر آهي.,Neutral
ڪتاب ميز تي رکيل آهي.,Neutral
زندگي تمام خوبصورت آهي.,Positive
نتيجو اميدن مطابق بهترين نڪتو.,Positive
هي فلم ڏاڍي مزيدار هئي.,Positive
زندگي ڏاڍي ڏکي لڳي ٿي.,Negative
مان چانهه پي رهيو آهيان.,Neutral
اڄ موسم عام آهي.,Neutral
مون کي هي شيءِ تمام گهڻي پسند آئي.,Positive
ڪتاب ميز تي رکيل آهي.,Neutral
مون کي هي ڪم ڪرڻ ۾ ڏکيائي ٿي.,Negative
توهان سان ملڻ وڏي خوشي هئي.,Positive
هي جڳهه تمام پرسڪون ۽ شاندار آهي.,Positive
هو مارڪيٽ ويو هو.,Neutral
هي جڳهه تمام پرسڪون ۽ شاندار آهي.,Positive
هن جو رويي تمام سٺو هو.,Positive
هي فلم ڏاڍي مزيدار هئي.,Positive
هو مارڪيٽ ويو هو.,Neutral
پروجيڪٽ تي ڪم جاري آهي.,Neutral
زندگي تمام خوبصورت آهي.,Positive
هن جو رويي تمام سٺو هو.,Positive
مان تمام گهڻو مايوس آهيان.,Negative
هي جڳهه تمام پرسڪون ۽ شاندار آهي.,Positive
مون کي هي ڪم ڪرڻ ۾ ڏکيائي ٿي.,Negative
هي جڳهه تمام شور شرابو ۽ بي آرام آهي.,Negative
مون کي هي ڪم ڪرڻ ۾ ڏکيائي ٿي.,Negative
ڪلاس وقت تي شروع ٿيو.,Neutral
ڪتاب ميز تي رکيل آهي.,Neutral
هو ٽي وي ڏسي رهيو هو.,Neutral
توهان سان ملڻ وڏي خوشي هئي.,Positive
توهان جو رويو بلڪل سٺو نه هو.,Negative
زندگي ڏاڍي ڏکي لڳي ٿي.,Negative
مون کي هي ڪم ڪرڻ ۾ ڏکيائي ٿي.,Negative
زندگي ڏاڍي ڏکي لڳي ٿي.,Negative
اهو ماڻهو پارڪ ۾ آهي.,Neutral
اهو ماڻهو پارڪ ۾ آهي.,Neutral
ڪلاس وقت تي شروع ٿيو.,Neutral
اهو ڏينهن ڏاڍو خراب گذريو.,Negative
نتيجو اميدن مطابق بهترين نڪتو.,Positive
هي فلم ڏاڍي مزيدار هئي.,Positive
اڄ موسم عام آهي.,Neutral
اڄ سومر آهي.,Neutral
نتيجو اميدن مطابق بهترين نڪتو.,Positive
مون کي هي شيءِ تمام گهڻي پسند آئي.,Positive
پروجيڪٽ تي ڪم جاري آهي.,Neutral
ڪتاب ميز تي رکيل آهي.,Neutral
هي فلم ڏاڍي مزيدار هئي.,Positive
نتيجو اميدن مطابق بهترين نڪتو.,Positive
ڪتاب ميز تي رکيل آهي.,Neutral
اهو ماڻهو پارڪ ۾ آهي.,Neutral
ڪتاب ميز تي رکيل آهي.,Neutral
هي فلم بلڪل خراب هئي.,Negative
پروجيڪٽ تي ڪم جاري آهي.,Neutral
هي جڳهه تمام شور شرابو ۽ بي آرام آهي.,Negative
مان تمام گهڻو مطمئن آهيان.,Positive
اهو ڏينهن ڏاڍو خراب گذريو.,Negative
مان تمام گهڻو مطمئن آهيان.,Positive
مون کي هي ڪم ڪرڻ ۾ ڏکيائي ٿي.,Negative
توهان سان ملڻ وڏي خوشي هئي.,Positive
هي جڳهه تمام شور شرابو ۽ بي آرام آهي.,Negative
هو ٽي وي ڏسي رهيو هو.,Neutral
اڄ سومر آهي.,Neutral
مون کي هي ڪم ڪرڻ ۾ ڏکيائي ٿي.,Negative
هي فيصلو بلڪل غلط هو.,Negative
هو ٽي وي ڏسي رهيو هو.,Neutral
اهو ماڻهو پارڪ ۾ آهي.,Neutral
مان تمام گهڻو مطمئن آهيان.,Positive
هي فلم بلڪل خراب هئي.,Negative
ڪلاس وقت تي شروع ٿيو.,Neutral
هي جڳهه تمام شور شرابو ۽ بي آرام آهي.,Negative
نتيجو اميدن مطابق بهترين نڪتو.,Positive
پروجيڪٽ تي ڪم جاري آهي.,Neutral
هي فلم ڏاڍي مزيدار هئي.,Positive
هو مارڪيٽ ويو هو.,Neutral
توهان جو ڪم بهترين آهي.,Positive
هي فلم ڏاڍي مزيدار هئي.,Positive
هو مارڪيٽ ويو هو.,Neutral
اڄ موسم عام آهي.,Neutral
مان تمام گهڻو مايوس آهيان.,Negative
زندگي تمام خوبصورت آهي.,Positive
ڪلاس وقت تي شروع ٿيو.,Neutral
زندگي ڏاڍي ڏکي لڳي ٿي.,Negative
هي فلم بلڪل خراب هئي.,Negative
مان تمام گهڻو مايوس آهيان.,Negative
مون کي هي شيءِ تمام گهڻي پسند آئي.,Positive
توهان جو رويو بلڪل سٺو نه هو.,Negative
توهان جو رويو بلڪل سٺو نه هو.,Negative
مون کي هي شيءِ بلڪل پسند نه آئي.,Negative
هن جو رويي تمام سٺو هو.,Positive
اهو ڏينهن خوشيءَ سان ڀرپور هو.,Positive
هي جڳهه تمام پرسڪون ۽ شاندار آهي.,Positive
مان چانهه پي رهيو آهيان.,Neutral
اهو ڏينهن ڏاڍو خراب گذريو.,Negative
اهو ڏينهن ڏاڍو خراب گذريو.,Negative
توهان سان ڳالهائڻ جو تجربو خراب هو.,Negative
ڪلاس وقت تي شروع ٿيو.,Neutral
مان تمام گهڻو مطمئن آهيان.,Positive
هي جڳهه تمام پرسڪون ۽ شاندار آهي.,Positive
مان چانهه پي رهيو آهيان.,Neutral
هي جڳهه تمام شور شرابو ۽ بي آرام آهي.,Negative
توهان سان ڳالهائڻ جو تجربو خراب هو.,Negative
ڪتاب ميز تي رکيل آهي.,Neutral
مون کي هي ڪم ڪرڻ ۾ ڏکيائي ٿي.,Negative
هي فلم بلڪل خراب هئي.,Negative
ڪتاب ميز تي رکيل آهي.,Neutral
اڄ موسم عام آهي.,Neutral
ڪلاس وقت تي شروع ٿيو.,Neutral
مان تمام گهڻو مايوس آهيان.,Negative
هي جڳهه تمام پرسڪون ۽ شاندار آهي.,Positive
ڪتاب ميز تي رکيل آهي.,Neutral
هي جڳهه تمام شور شرابو ۽ بي آرام آهي.,Negative
مان چانهه پي رهيو آهيان.,Neutral
زندگي ڏاڍي ڏکي لڳي ٿي.,Negative
هي جڳهه تمام پرسڪون ۽ شاندار آهي.,Positive
توهان سان ڳالهائڻ جو تجربو خراب هو.,Negative
هو دڪان مان واپس آيو.,Neutral
ڪلاس وقت تي شروع ٿيو.,Neutral
توهان جو ڪم بهترين آهي.,Positive
زندگي ڏاڍي ڏکي لڳي ٿي.,Negative
مان تمام گهڻو مطمئن آهيان.,Positive
هي جڳهه تمام پرسڪون ۽ شاندار آهي.,Positive
ڪلاس وقت تي شروع ٿيو.,Neutral
اڄ موسم عام آهي.,Neutral
هن جو رويي تمام سٺو هو.,Positive
اهو ڏينهن ڏاڍو خراب گذريو.,Negative
مان تمام گهڻو مايوس آهيان.,Negative
توهان جو رويو بلڪل سٺو نه هو.,Negative
هي فيصلو بلڪل غلط هو.,Negative
نتيجو اميدن مطابق بهترين نڪتو.,Positive
هي جڳهه تمام شور شرابو ۽ بي آرام آهي.,Negative
توهان سان ملڻ وڏي خوشي هئي.,Positive
اهو ڏينهن خوشيءَ سان ڀرپور هو.,Positive
هو مارڪيٽ ويو هو.,Neutral
مان چانهه پي رهيو آهيان.,Neutral
هي جڳهه تمام پرسڪون ۽ شاندار آهي.,Positive
زندگي ڏاڍي ڏکي لڳي ٿي.,Negative
هي جڳهه تمام پرسڪون ۽ شاندار آهي.,Positive
اهو ماڻهو پارڪ ۾ آهي.,Neutral
پروجيڪٽ تي ڪم جاري آهي.,Neutral
مان چانهه پي رهيو آهيان.,Neutral
ڪتاب ميز تي رکيل آهي.,Neutral
نتيجو اميدن مطابق بهترين نڪتو.,Positive
زندگي ڏاڍي ڏکي لڳي ٿي.,Negative
هن جو رويي تمام سٺو هو.,Positive
هي فلم بلڪل خراب هئي.,Negative
اڄ موسم عام آهي.,Neutral
هي فلم بلڪل خراب هئي.,Negative
ڪلاس وقت تي شروع ٿيو.,Neutral
توهان جو ڪم بهترين آهي.,Positive
توهان سان ڳالهائڻ جو تجربو خراب هو.,Negative
اهو ڏينهن ڏاڍو خراب گذريو.,Negative
توهان جو ڪم بهترين آهي.,Positive
پروجيڪٽ تي ڪم جاري آهي.,Neutral
زندگي ڏاڍي ڏکي لڳي ٿي.,Negative
مان چانهه پي رهيو آهيان.,Neutral
توهان جو رويو بلڪل سٺو نه هو.,Negative
اهو ڏينهن خوشيءَ سان ڀرپور هو.,Positive
زندگي تمام خوبصورت آهي.,Positive
توهان سان ڳالهائڻ جو تجربو خراب هو.,Negative
اڄ موسم عام آهي.,Neutral
هي فلم بلڪل خراب هئي.,Negative
هي فلم ڏاڍي مزيدار هئي.,Positive
مون کي هي شيءِ تمام گهڻي پسند آئي.,Positive
هي فيصلو بلڪل غلط هو.,Negative
هي فيصلو بلڪل غلط هو.,Negative
اڄ سومر آهي.,Neutral
زندگي ڏاڍي ڏکي لڳي ٿي.,Negative
زندگي ڏاڍي ڏکي لڳي ٿي.,Negative
توهان سان ڳالهائڻ جو تجربو خراب هو.,Negative
اڄ موسم عام آهي.,Neutral
هو ٽي وي ڏسي رهيو هو.,Neutral
هو دڪان مان واپس آيو.,Neutral
توهان سان ملڻ وڏي خوشي هئي.,Positive
مون کي هي شيءِ بلڪل پسند نه آئي.,Negative
هي فيصلو بلڪل غلط هو.,Negative
مان چانهه پي رهيو آهيان.,Neutral
هو دڪان مان واپس آيو.,Neutral
مان چانهه پي رهيو آهيان.,Neutral
هو ٽي وي ڏسي رهيو هو.,Neutral
مون کي هي شيءِ بلڪل پسند نه آئي.,Negative
هي فيصلو بلڪل غلط هو.,Negative
مون کي هي شيءِ بلڪل پسند نه آئي.,Negative
اهو ڏينهن خوشيءَ سان ڀرپور هو.,Positive
هن جو رويي تمام سٺو هو.,Positive
مون کي هي شيءِ تمام گهڻي پسند آئي.,Positive
اهو ڏينهن ڏاڍو خراب گذريو.,Negative
توهان جو ڪم بهترين آهي.,Positive
زندگي ڏاڍي ڏکي لڳي ٿي.,Negative
توهان جو ڪم بهترين آهي.,Positive
توهان جو رويو بلڪل سٺو نه هو.,Negative
هي فيصلو بلڪل غلط هو.,Negative
توهان جو رويو بلڪل سٺو نه هو.,Negative
اڄ سومر آهي.,Neutral
هي فلم ڏاڍي مزيدار هئي.,Positive
اڄ موسم عام آهي.,Neutral
اهو ماڻهو پارڪ ۾ آهي.,Neutral
زندگي ڏاڍي ڏکي لڳي ٿي.,Negative
هن جو رويي تمام سٺو هو.,Positive
مان چانهه پي رهيو آهيان.,Neutral
هو ٽي وي ڏسي رهيو هو.,Neutral
هي جڳهه تمام پرسڪون ۽ شاندار آهي.,Positive
هو ٽي وي ڏسي رهيو هو.,Neutral
اهو ڏينهن خوشيءَ سان ڀرپور هو.,Positive
مان تمام گهڻو مطمئن آهيان.,Positive
اڄ سومر آهي.,Neutral
مون کي هي شيءِ تمام گهڻي پسند آئي.,Positive
پروجيڪٽ تي ڪم جاري آهي.,Neutral
مان چانهه پي رهيو آهيان.,Neutral
مان تمام گهڻو مطمئن آهيان.,Positive
اهو ڏينهن ڏاڍو خراب گذريو.,Negative
هي جڳهه تمام شور شرابو ۽ بي آرام آهي.,Negative
پروجيڪٽ تي ڪم جاري آهي.,Neutral
مان چانهه پي رهيو آهيان.,Neutral
اهو ڏينهن ڏاڍو خراب گذريو.,Negative
مان چانهه پي رهيو آهيان.,Neutral
اهو ڏينهن خوشيءَ سان ڀرپور هو.,Positive
پروجيڪٽ تي ڪم جاري آهي.,Neutral
توهان سان ڳالهائڻ جو تجربو خراب هو.,Negative
زندگي ڏاڍي ڏکي لڳي ٿي.,Negative
زندگي تمام خوبصورت آهي.,Positive
اهو ماڻهو پارڪ ۾ آهي.,Neutral
هو دڪان مان واپس آيو.,Neutral
اڄ موسم عام آهي.,Neutral
هو ٽي وي ڏسي رهيو هو.,Neutral
هي فلم ڏاڍي مزيدار هئي.,Positive
ڪلاس وقت تي شروع ٿيو.,Neutral
توهان سان ملڻ وڏي خوشي هئي.,Positive
پروجيڪٽ تي ڪم جاري آهي.,Neutral
هي جڳهه تمام شور شرابو ۽ بي آرام آهي.,Negative
هو ٽي وي ڏسي رهيو هو.,Neutral
اهو ڏينهن ڏاڍو خراب گذريو.,Negative
اهو ڏينهن ڏاڍو خراب گذريو.,Negative
اڄ موسم عام آهي.,Neutral
توهان جو رويو بلڪل سٺو نه هو.,Negative
مون کي هي شيءِ بلڪل پسند نه آئي.,Negative
مان چانهه پي رهيو آهيان.,Neutral
اهو ڏينهن ڏاڍو خراب گذريو.,Negative
هي فيصلو بلڪل غلط هو.,Negative
هي جڳهه تمام شور شرابو ۽ بي آرام آهي.,Negative
مان تمام گهڻو مايوس آهيان.,Negative
اڄ سومر آهي.,Neutral
پروجيڪٽ تي ڪم جاري آهي.,Neutral
مون کي هي شيءِ بلڪل پسند نه آئي.,Negative
زندگي ڏاڍي ڏکي لڳي ٿي.,Negative
پروجيڪٽ تي ڪم جاري آهي.,Neutral
مان تمام گهڻو مطمئن آهيان.,Positive
هن جو رويي تمام سٺو هو.,Positive
هي فيصلو بلڪل غلط هو.,Negative
هو دڪان مان واپس آيو.,Neutral
نتيجو اميدن مطابق بهترين نڪتو.,Positive
هي جڳهه تمام پرسڪون ۽ شاندار آهي.,Positive
مان چانهه پي رهيو آهيان.,Neutral
هي فلم ڏاڍي مزيدار هئي.,Positive
توهان سان ڳالهائڻ جو تجربو خراب هو.,Negative
مون کي هي شيءِ بلڪل پسند نه آئي.,Negative
ڪتاب ميز تي رکيل آهي.,Neutral
مون کي هي ڪم ڪرڻ ۾ ڏکيائي ٿي.,Negative
اڄ سومر آهي.,Neutral
پروجيڪٽ تي ڪم جاري آهي.,Neutral
هي جڳهه تمام شور شرابو ۽ بي آرام آهي.,Negative
زندگي ڏاڍي ڏکي لڳي ٿي.,Negative
هي جڳهه تمام شور شرابو ۽ بي آرام آهي.,Negative
هي جڳهه تمام پرسڪون ۽ شاندار آهي.,Positive
اڄ سومر آهي.,Neutral
ڪلاس وقت تي شروع ٿيو.,Neutral
توهان جو ڪم بهترين آهي.,Positive
پروجيڪٽ تي ڪم جاري آهي.,Neutral
مون کي هي شيءِ تمام گهڻي پسند آئي.,Positive
اهو ڏينهن خوشيءَ سان ڀرپور هو.,Positive
نتيجو اميدن مطابق بهترين نڪتو.,Positive
اهو ڏينهن ڏاڍو خراب گذريو.,Negative
مان تمام گهڻو مطمئن آهيان.,Positive
پروجيڪٽ تي ڪم جاري آهي.,Neutral
پروجيڪٽ تي ڪم جاري آهي.,Neutral
نتيجو اميدن مطابق بهترين نڪتو.,Positive
هي جڳهه تمام پرسڪون ۽ شاندار آهي.,Positive
اڄ سومر آهي.,Neutral
هو مارڪيٽ ويو هو.,Neutral
مون کي هي شيءِ بلڪل پسند نه آئي.,Negative
هي فلم بلڪل خراب هئي.,Negative
مون کي هي شيءِ تمام گهڻي پسند آئي.,Positive
هن جو رويي تمام سٺو هو.,Positive
مون کي هي شيءِ بلڪل پسند نه آئي.,Negative
مون کي هي شيءِ تمام گهڻي پسند آئي.,Positive
ڪلاس وقت تي شروع ٿيو.,Neutral
هو مارڪيٽ ويو هو.,Neutral
مون کي هي ڪم ڪرڻ ۾ ڏکيائي ٿي.,Negative
اڄ سومر آهي.,Neutral
توهان جو رويو بلڪل سٺو نه هو.,Negative
توهان سان ملڻ وڏي خوشي هئي.,Positive
مان تمام گهڻو مايوس آهيان.,Negative
اڄ موسم عام آهي.,Neutral
ڪلاس وقت تي شروع ٿيو.,Neutral
مون کي هي شيءِ بلڪل پسند نه آئي.,Negative
مان تمام گهڻو مايوس آهيان.,Negative
هو مارڪيٽ ويو هو.,Neutral
هي فلم ڏاڍي مزيدار هئي.,Positive
مان تمام گهڻو مطمئن آهيان.,Positive
مون کي هي شيءِ بلڪل پسند نه آئي.,Negative
اهو ڏينهن ڏاڍو خراب گذريو.,Negative
توهان جو ڪم بهترين آهي.,Positive
هن جو رويي تمام سٺو هو.,Positive
مان تمام گهڻو مطمئن آهيان.,Positive
هي فيصلو بلڪل غلط هو.,Negative
زندگي ڏاڍي ڏکي لڳي ٿي.,Negative
مون کي هي ڪم ڪرڻ ۾ ڏکيائي ٿي.,Negative
توهان جو رويو بلڪل سٺو نه هو.,Negative
زندگي تمام خوبصورت آهي.,Positive
هي فلم ڏاڍي مزيدار هئي.,Positive
توهان سان ملڻ وڏي خوشي هئي.,Positive
مون کي هي شيءِ تمام گهڻي پسند آئي.,Positive
زندگي تمام خوبصورت آهي.,Positive
ڪتاب ميز تي رکيل آهي.,Neutral
مون کي هي ڪم ڪرڻ ۾ ڏکيائي ٿي.,Negative
مون کي هي شيءِ بلڪل پسند نه آئي.,Negative
زندگي تمام خوبصورت آهي.,Positive
هي فلم بلڪل خراب هئي.,Negative
زندگي تمام خوبصورت آهي.,Positive
هي جڳهه تمام پرسڪون ۽ شاندار آهي.,Positive
ڪتاب ميز تي رکيل آهي.,Neutral
توهان سان ملڻ وڏي خوشي هئي.,Positive
اهو ڏينهن ڏاڍو خراب گذريو.,Negative
اڄ سومر آهي.,Neutral
مان تمام گهڻو مايوس آهيان.,Negative
هن جو رويي تمام سٺو هو.,Positive
اڄ سومر آهي.,Neutral
اهو ڏينهن ڏاڍو خراب گذريو.,Negative
هن جو رويي تمام سٺو هو.,Positive
اڄ موسم عام آهي.,Neutral
مون کي هي شيءِ تمام گهڻي پسند آئي.,Positive
اهو ڏينهن ڏاڍو خراب گذريو.,Negative
مان تمام گهڻو مطمئن آهيان.,Positive
توهان سان ڳالهائڻ جو تجربو خراب هو.,Negative
مون کي هي شيءِ بلڪل پسند نه آئي.,Negative
هن جو رويي تمام سٺو هو.,Positive
هو مارڪيٽ ويو هو.,Neutral
هو ٽي وي ڏسي رهيو هو.,Neutral
هي ريسٽورنٽ ته wow آهي، taste amazing!,Positive
هن وقت سڀ ڪجهه برباد لڳي ٿو.,Negative
هو مارڪيٽ ويو هو، ڪجهه شيون وٺڻ لاءِ.,Neutral
هو دڪان مان واپس آيو.,Neutral
توهان سان ملڻ وڏي خوشي هئي، دل لڳي وئي.,Positive
Service zero هئي، staff rude هو.,Negative
توهان سان ڳالهائڻ جو تجربو خراب هو.,Negative
يار، هي ته total flop آهي.,Negative
Friend، تون ته Kamal ڪري ڇڏين ٿو!,Positive
يار، اهو ڏينهن ڏاڍو خراب گذريو.,Negative
توهان جو رويو بلڪل سٺو نه هو، disappointed.,Negative
توهان جو ڪم بهترين آهي، keep it up!,Positive
اهو ڏينهن خوشيءَ سان ڀرپور هو، دل خوش ٿي وئي.,Positive
هن وقت سڀ ڪجهه برباد لڳي ٿو.,Negative
Friend، تون ته Kamal ڪري ڇڏين ٿو!,Positive
هي جڳهه تمام شور شرابو ۽ بي آرام آهي.,Negative
واهه، هن جو رويو ڏاڍو نرم ۽ سٺو هو.,Positive
توهان سان ملڻ وڏي خوشي هئي، دل لڳي وئي.,Positive
مون کي تنهنجي ڳالهه ڏاڍي پسند آئي، دل سان ڳالهائي.,Positive
هو ٽي وي ڏسي رهيو هو.,Neutral
هي ريسٽورنٽ ته wow آهي، taste amazing!,Positive
مون کي هي شيءِ تمام گهڻي پسند آئي!,Positive
هي ڪو ڪم ڪرڻ جو طريقو آهي ڇا؟ nonsense!,Negative
واهه يار، زبردست ڪم ڪيو اٿئي!,Positive
توهان سان ڳالهائڻ جو تجربو خراب هو.,Negative
توهان سان ملڻ وڏي خوشي هئي، دل لڳي وئي.,Positive
نتيجو اميدن مطابق بهترين نڪتو الحمدالله.,Positive
يار، هي ته total flop آهي.,Negative
پروجيڪٽ تي ڪم جاري آهي.,Neutral
Friend، تون ته Kamal ڪري ڇڏين ٿو!,Positive
واهه، هن جو رويو ڏاڍو نرم ۽ سٺو هو.,Positive
هي ريسٽورنٽ ته wow آهي، taste amazing!,Positive
Service zero هئي، staff rude هو.,Negative
mobile charge تي لڳايو اٿم.,Neutral
پروجيڪٽ تي ڪم جاري آهي.,Neutral
مان laptop تي ڪم ڪري رهيو آهيان.,Neutral
مون کي هي شيءِ تمام گهڻي پسند آئي!,Positive
هو دڪان مان واپس آيو.,Neutral
سندس مدد سان سڀ ڪجهه آساني سان ٿي ويو.,Positive
يار، اهو ڏينهن ڏاڍو خراب گذريو.,Negative
هو دڪان مان واپس آيو.,Neutral
ڪلاس وقت تي شروع ٿيو.,Neutral
توهان سان ڳالهائڻ جو تجربو خراب هو.,Negative
زندگي تمام خوبصورت آهي ماشاءَالله.,Positive
واهه يار، زبردست ڪم ڪيو اٿئي!,Positive
Boss today meeting zabardast رهي!,Positive
ڪتاب ميز تي رکيل آهي.,Neutral
Friend، تون ته Kamal ڪري ڇڏين ٿو!,Positive
توهان سان ملڻ وڏي خوشي هئي، دل لڳي وئي.,Positive
meeting scheduled آهي 3PM تي.,Neutral
هو ٽي وي ڏسي رهيو هو.,Neutral
اهو ماڻهو پارڪ ۾ آهي.,Neutral
مون کي هي شيءِ تمام گهڻي پسند آئي!,Positive
زندگي ڏاڍي ڏکي لڳي ٿي، هر شي خراب پئي لڳي.,Negative
واهه، هن جو رويو ڏاڍو نرم ۽ سٺو هو.,Positive
واهه يار، زبردست ڪم ڪيو اٿئي!,Positive
ڪلاس وقت تي شروع ٿيو.,Neutral
مان laptop تي ڪم ڪري رهيو آهيان.,Neutral
هي فيصلو بلڪل غلط هو، ناانصافي آهي.,Negative
اهو ماڻهو پارڪ ۾ آهي.,Neutral
هي جڳهه تمام شور شرابو ۽ بي آرام آهي.,Negative
Internet به slow ۽ irritating آهي.,Negative
هن وقت سڀ ڪجهه برباد لڳي ٿو.,Negative
هي جڳهه تمام پرسڪون ۽ شاندار آهي.,Positive
پروجيڪٽ تي ڪم جاري آهي.,Neutral
نتيجو اميدن مطابق بهترين نڪتو الحمدالله.,Positive
توهان جو رويو بلڪل سٺو نه هو، disappointed.,Negative
مان چانهه پي رهيو آهيان.,Neutral
مون کي تنهنجي ڳالهه ڏاڍي پسند آئي، دل سان ڳالهائي.,Positive
يار، اهو ڏينهن ڏاڍو خراب گذريو.,Negative
Friend، تون ته Kamal ڪري ڇڏين ٿو!,Positive
هي ڪو ڪم ڪرڻ جو طريقو آهي ڇا؟ nonsense!,Negative
Friend، تون ته Kamal ڪري ڇڏين ٿو!,Positive
Boss today meeting zabardast رهي!,Positive
Internet به slow ۽ irritating آهي.,Negative
مون کي هي شيءِ بلڪل پسند نه آئي.,Negative
زندگي ڏاڍي ڏکي لڳي ٿي، هر شي خراب پئي لڳي.,Negative
mobile charge تي لڳايو اٿم.,Neutral
واهه يار، زبردست ڪم ڪيو اٿئي!,Positive
توهان سان ڳالهائڻ جو تجربو خراب هو.,Negative
Internet به slow ۽ irritating آهي.,Negative
نتيجو اميدن مطابق بهترين نڪتو الحمدالله.,Positive
Service zero هئي، staff rude هو.,Negative
Boss today meeting zabardast رهي!,Positive
اهو ڏينهن خوشيءَ سان ڀرپور هو، دل خوش ٿي وئي.,Positive
توهان جو رويو بلڪل سٺو نه هو، disappointed.,Negative
توهان سان ڳالهائڻ جو تجربو خراب هو.,Negative
ڪلاس وقت تي شروع ٿيو.,Neutral
مان laptop تي ڪم ڪري رهيو آهيان.,Neutral
Friend، تون ته Kamal ڪري ڇڏين ٿو!,Positive
توهان جو ڪم بهترين آهي، keep it up!,Positive
هي فلم ڏاڍي مزيدار هئي، دوباره ڏسندس.,Positive
مون کي هي شيءِ بلڪل پسند نه آئي.,Negative
روڊ تي ٽريفڪ عام آهي.,Neutral
Boss today meeting zabardast رهي!,Positive
هي فلم بلڪل خراب هئي، پئسا ضايع.,Negative
پروجيڪٽ تي ڪم جاري آهي.,Neutral
هي فلم بلڪل خراب هئي، پئسا ضايع.,Negative
پروجيڪٽ تي ڪم جاري آهي.,Neutral
هي فلم ڏاڍي مزيدار هئي، دوباره ڏسندس.,Positive
اهو ڏينهن خوشيءَ سان ڀرپور هو، دل خوش ٿي وئي.,Positive
هن وقت سڀ ڪجهه برباد لڳي ٿو.,Negative
هو اڄ office ۾ مصروف هو.,Neutral
هن وقت سڀ ڪجهه برباد لڳي ٿو.,Negative
پروجيڪٽ تي ڪم جاري آهي.,Neutral
هي ڪو ڪم ڪرڻ جو طريقو آهي ڇا؟ nonsense!,Negative
يار، اهو ڏينهن ڏاڍو خراب گذريو.,Negative
روڊ تي ٽريفڪ عام آهي.,Neutral
هي ريسٽورنٽ ته wow آهي، taste amazing!,Positive
هي فلم ڏاڍي مزيدار هئي، دوباره ڏسندس.,Positive
مون کي هي شيءِ بلڪل پسند نه آئي.,Negative
روڊ تي ٽريفڪ عام آهي.,Neutral
سندس مدد سان سڀ ڪجهه آساني سان ٿي ويو.,Positive
زندگي ڏاڍي ڏکي لڳي ٿي، هر شي خراب پئي لڳي.,Negative
توهان جو رويو بلڪل سٺو نه هو، disappointed.,Negative
واهه يار، زبردست ڪم ڪيو اٿئي!,Positive
مان چانهه پي رهيو آهيان.,Neutral
مان laptop تي ڪم ڪري رهيو آهيان.,Neutral
توهان سان ڳالهائڻ جو تجربو خراب هو.,Negative
توهان سان ڳالهائڻ جو تجربو خراب هو.,Negative
meeting scheduled آهي 3PM تي.,Neutral
mobile charge تي لڳايو اٿم.,Neutral
واهه، هن جو رويو ڏاڍو نرم ۽ سٺو هو.,Positive
يار، هي ته total flop آهي.,Negative
اهو ڏينهن خوشيءَ سان ڀرپور هو، دل خوش ٿي وئي.,Positive
نتيجو اميدن مطابق بهترين نڪتو الحمدالله.,Positive
اهو ماڻهو پارڪ ۾ آهي.,Neutral
مون کي هي ڪم ڪرڻ ۾ ڏکيائي ٿي رهي آهي.,Negative
مان چانهه پي رهيو آهيان.,Neutral
هي فلم ڏاڍي مزيدار هئي، دوباره ڏسندس.,Positive
ڪتاب ميز تي رکيل آهي.,Neutral
يار، هي ته total flop آهي.,Negative
واهه، هن جو رويو ڏاڍو نرم ۽ سٺو هو.,Positive
زندگي تمام خوبصورت آهي ماشاءَالله.,Positive
mobile charge تي لڳايو اٿم.,Neutral
ڪلاس وقت تي شروع ٿيو.,Neutral
توهان جو رويو بلڪل سٺو نه هو، disappointed.,Negative
مون کي تنهنجي ڳالهه ڏاڍي پسند آئي، دل سان ڳالهائي.,Positive
اهو ماڻهو پارڪ ۾ آهي.,Neutral
مون کي تنهنجي ڳالهه ڏاڍي پسند آئي، دل سان ڳالهائي.,Positive
زندگي ڏاڍي ڏکي لڳي ٿي، هر شي خراب پئي لڳي.,Negative
اڄ سومر آهي.,Neutral
مون کي هي شيءِ بلڪل پسند نه آئي.,Negative
meeting scheduled آهي 3PM تي.,Neutral
هو دڪان مان واپس آيو.,Neutral
توهان جو ڪم بهترين آهي، keep it up!,Positive
زندگي تمام خوبصورت آهي ماشاءَالله.,Positive
هو اڄ office ۾ مصروف هو.,Neutral
Internet به slow ۽ irritating آهي.,Negative
هي جڳهه تمام شور شرابو ۽ بي آرام آهي.,Negative
واهه، هن جو رويو ڏاڍو نرم ۽ سٺو هو.,Positive
اهو ماڻهو پارڪ ۾ آهي.,Neutral
هي ڪو ڪم ڪرڻ جو طريقو آهي ڇا؟ nonsense!,Negative
مان چانهه پي رهيو آهيان.,Neutral
meeting scheduled آهي 3PM تي.,Neutral
Service zero هئي، staff rude هو.,Negative
هو اڄ office ۾ مصروف هو.,Neutral
Service zero هئي، staff rude هو.,Negative
هي فلم بلڪل خراب هئي، پئسا ضايع.,Negative
توهان سان ملڻ وڏي خوشي هئي، دل لڳي وئي.,Positive
هي فيصلو بلڪل غلط هو، ناانصافي آهي.,Negative
توهان جو رويو بلڪل سٺو نه هو، disappointed.,Negative
زندگي ڏاڍي ڏکي لڳي ٿي، هر شي خراب پئي لڳي.,Negative
Service zero هئي، staff rude هو.,Negative
اهو ماڻهو پارڪ ۾ آهي.,Neutral
واهه، هن جو رويو ڏاڍو نرم ۽ سٺو هو.,Positive
هي جڳهه تمام شور شرابو ۽ بي آرام آهي.,Negative
زندگي تمام خوبصورت آهي ماشاءَالله.,Positive
هن وقت سڀ ڪجهه برباد لڳي ٿو.,Negative
Friend، تون ته Kamal ڪري ڇڏين ٿو!,Positive
اهو ماڻهو پارڪ ۾ آهي.,Neutral
اهو ماڻهو پارڪ ۾ آهي.,Neutral
روڊ تي ٽريفڪ عام آهي.,Neutral
ڪتاب ميز تي رکيل آهي.,Neutral
يار، اهو ڏينهن ڏاڍو خراب گذريو.,Negative
واهه يار، زبردست ڪم ڪيو اٿئي!,Positive
هي جڳهه تمام شور شرابو ۽ بي آرام آهي.,Negative
Internet به slow ۽ irritating آهي.,Negative
هي فلم ڏاڍي مزيدار هئي، دوباره ڏسندس.,Positive
ڪلاس وقت تي شروع ٿيو.,Neutral
هي فلم بلڪل خراب هئي، پئسا ضايع.,Negative
اهو ماڻهو پارڪ ۾ آهي.,Neutral
هي ڪو ڪم ڪرڻ جو طريقو آهي ڇا؟ nonsense!,Negative
پروجيڪٽ تي ڪم جاري آهي.,Neutral
هي فلم بلڪل خراب هئي، پئسا ضايع.,Negative
هو دڪان مان واپس آيو.,Neutral
مون کي هي شيءِ بلڪل پسند نه آئي.,Negative
اهو ڏينهن خوشيءَ سان ڀرپور هو، دل خوش ٿي وئي.,Positive
مون کي هي شيءِ بلڪل پسند نه آئي.,Negative
Friend، تون ته Kamal ڪري ڇڏين ٿو!,Positive
يار، اهو ڏينهن ڏاڍو خراب گذريو.,Negative
هي ڪو ڪم ڪرڻ جو طريقو آهي ڇا؟ nonsense!,Negative
اهو ماڻهو پارڪ ۾ آهي.,Neutral
هي ريسٽورنٽ ته wow آهي، taste amazing!,Positive
زندگي تمام خوبصورت آهي ماشاءَالله.,Positive
هو مارڪيٽ ويو هو، ڪجهه شيون وٺڻ لاءِ.,Neutral
نتيجو اميدن مطابق بهترين نڪتو الحمدالله.,Positive
اهو ڏينهن خوشيءَ سان ڀرپور هو، دل خوش ٿي وئي.,Positive
هي جڳهه تمام شور شرابو ۽ بي آرام آهي.,Negative
ڪلاس وقت تي شروع ٿيو.,Neutral
هي فيصلو بلڪل غلط هو، ناانصافي آهي.,Negative
مون کي تنهنجي ڳالهه ڏاڍي پسند آئي، دل سان ڳالهائي.,Positive
توهان سان ڳالهائڻ جو تجربو خراب هو.,Negative
هي فيصلو بلڪل غلط هو، ناانصافي آهي.,Negative
Service zero هئي، staff rude هو.,Negative
meeting scheduled آهي 3PM تي.,Neutral
هو اڄ office ۾ مصروف هو.,Neutral
هي فلم بلڪل خراب هئي، پئسا ضايع.,Negative
توهان سان ملڻ وڏي خوشي هئي، دل لڳي وئي.,Positive
هي ڪو ڪم ڪرڻ جو طريقو آهي ڇا؟ nonsense!,Negative
يار، اهو ڏينهن ڏاڍو خراب گذريو.,Negative
مون کي هي ڪم ڪرڻ ۾ ڏکيائي ٿي رهي آهي.,Negative
هي جڳهه تمام پرسڪون ۽ شاندار آهي.,Positive
هي ريسٽورنٽ ته wow آهي، taste amazing!,Positive
هي فيصلو بلڪل غلط هو، ناانصافي آهي.,Negative
روڊ تي ٽريفڪ عام آهي.,Neutral
هي فلم ڏاڍي مزيدار هئي، دوباره ڏسندس.,Positive
ڪتاب ميز تي رکيل آهي.,Neutral
اهو ماڻهو پارڪ ۾ آهي.,Neutral
mobile charge تي لڳايو اٿم.,Neutral
يار، اهو ڏينهن ڏاڍو خراب گذريو.,Negative
توهان سان ڳالهائڻ جو تجربو خراب هو.,Negative
هي جڳهه تمام پرسڪون ۽ شاندار آهي.,Positive
هي جڳهه تمام پرسڪون ۽ شاندار آهي.,Positive
هو مارڪيٽ ويو هو، ڪجهه شيون وٺڻ لاءِ.,Neutral
يار، اهو ڏينهن ڏاڍو خراب گذريو.,Negative
نتيجو اميدن مطابق بهترين نڪتو الحمدالله.,Positive
توهان جو ڪم بهترين آهي، keep it up!,Positive
هي فلم بلڪل خراب هئي، پئسا ضايع.,Negative
اهو ڏينهن خوشيءَ سان ڀرپور هو، دل خوش ٿي وئي.,Positive
توهان جو رويو بلڪل سٺو نه هو، disappointed.,Negative
اڄ سومر آهي.,Neutral
مون کي هي شيءِ تمام گهڻي پسند آئي!,Positive
هن وقت سڀ ڪجهه برباد لڳي ٿو.,Negative
سندس مدد سان سڀ ڪجهه آساني سان ٿي ويو.,Positive
نتيجو اميدن مطابق بهترين نڪتو الحمدالله.,Positive
واهه، هن جو رويو ڏاڍو نرم ۽ سٺو هو.,Positive
يار، اهو ڏينهن ڏاڍو خراب گذريو.,Negative
اڄ موسم عام آهي، نه تمام گرم نه تمام ٿڌو.,Neutral
هو اڄ office ۾ مصروف هو.,Neutral
هي ڪو ڪم ڪرڻ جو طريقو آهي ڇا؟ nonsense!,Negative
هو اڄ office ۾ مصروف هو.,Neutral
توهان سان ملڻ وڏي خوشي هئي، دل لڳي وئي.,Positive
هن وقت سڀ ڪجهه برباد لڳي ٿو.,Negative
مون کي تنهنجي ڳالهه ڏاڍي پسند آئي، دل سان ڳالهائي.,Positive
اهو ڏينهن خوشيءَ سان ڀرپور هو، دل خوش ٿي وئي.,Positive
هي جڳهه تمام شور شرابو ۽ بي آرام آهي.,Negative
يار، اهو ڏينهن ڏاڍو خراب گذريو.,Negative
هي ڪو ڪم ڪرڻ جو طريقو آهي ڇا؟ nonsense!,Negative
meeting scheduled آهي 3PM تي.,Neutral
اڄ سومر آهي.,Neutral
ڪلاس وقت تي شروع ٿيو.,Neutral
Service zero هئي، staff rude هو.,Negative
Friend، تون ته Kamal ڪري ڇڏين ٿو!,Positive
واهه، هن جو رويو ڏاڍو نرم ۽ سٺو هو.,Positive
هي ريسٽورنٽ ته wow آهي، taste amazing!,Positive
اڄ موسم عام آهي، نه تمام گرم نه تمام ٿڌو.,Neutral
مان تمام گهڻو مايوس آهيان، دل ئي نه ٿو لڳي.,Negative
زندگي ڏاڍي ڏکي لڳي ٿي، هر شي خراب پئي لڳي.,Negative
يار، هي ته total flop آهي.,Negative
هي ريسٽورنٽ ته wow آهي، taste amazing!,Positive
توهان جو ڪم بهترين آهي، keep it up!,Positive
توهان جو ڪم بهترين آهي، keep it up!,Positive
روڊ تي ٽريفڪ عام آهي.,Neutral
Boss today meeting zabardast رهي!,Positive
يار، هي ته total flop آهي.,Negative
اڄ سومر آهي.,Neutral
ڪلاس وقت تي شروع ٿيو.,Neutral
هو ٽي وي ڏسي رهيو هو.,Neutral
هو اڄ office ۾ مصروف هو.,Neutral
اهو ڏينهن خوشيءَ سان ڀرپور هو، دل خوش ٿي وئي.,Positive
هو مارڪيٽ ويو هو، ڪجهه شيون وٺڻ لاءِ.,Neutral
هي جڳهه تمام شور شرابو ۽ بي آرام آهي.,Negative
مان چانهه پي رهيو آهيان.,Neutral
هي فلم بلڪل خراب هئي، پئسا ضايع.,Negative
زندگي ڏاڍي ڏکي لڳي ٿي، هر شي خراب پئي لڳي.,Negative
واهه، هن جو رويو ڏاڍو نرم ۽ سٺو هو.,Positive
اڄ موسم عام آهي، نه تمام گرم نه تمام ٿڌو.,Neutral
ڪتاب ميز تي رکيل آهي.,Neutral
نتيجو اميدن مطابق بهترين نڪتو الحمدالله.,Positive
يار، اهو ڏينهن ڏاڍو خراب گذريو.,Negative
سندس مدد سان سڀ ڪجهه آساني سان ٿي ويو.,Positive
هي فلم بلڪل خراب هئي، پئسا ضايع.,Negative
مان چانهه پي رهيو آهيان.,Neutral
هو دڪان مان واپس آيو.,Neutral
هي ڪو ڪم ڪرڻ جو طريقو آهي ڇا؟ nonsense!,Negative
هي فلم ڏاڍي مزيدار هئي، دوباره ڏسندس.,Positive
توهان جو رويو بلڪل سٺو نه هو، disappointed.,Negative
روڊ تي ٽريفڪ عام آهي.,Neutral
هو مارڪيٽ ويو هو، ڪجهه شيون وٺڻ لاءِ.,Neutral
هي ڪو ڪم ڪرڻ جو طريقو آهي ڇا؟ nonsense!,Negative
زندگي تمام خوبصورت آهي ماشاءَالله.,Positive
سندس مدد سان سڀ ڪجهه آساني سان ٿي ويو.,Positive
ڪلاس وقت تي شروع ٿيو.,Neutral
هي فلم بلڪل خراب هئي، پئسا ضايع.,Negative
پروجيڪٽ تي ڪم جاري آهي.,Neutral
يار، هي ته total flop آهي.,Negative
هو ٽي وي ڏسي رهيو هو.,Neutral
Internet به slow ۽ irritating آهي.,Negative
يار، هي ته total flop آهي.,Negative
Service zero هئي، staff rude هو.,Negative
مون کي هي شيءِ بلڪل پسند نه آئي.,Negative
پروجيڪٽ تي ڪم جاري آهي.,Neutral
يار، هي ته total flop آهي.,Negative
يار، اهو ڏينهن ڏاڍو خراب گذريو.,Negative
Boss today meeting zabardast رهي!,Positive
زندگي تمام خوبصورت آهي ماشاءَالله.,Positive
مون کي هي شيءِ بلڪل پسند نه آئي.,Negative
روڊ تي ٽريفڪ عام آهي.,Neutral
meeting scheduled آهي 3PM تي.,Neutral
هي فلم ڏاڍي مزيدار هئي، دوباره ڏسندس.,Positive
مون کي هي ڪم ڪرڻ ۾ ڏکيائي ٿي رهي آهي.,Negative
اڄ موسم عام آهي، نه تمام گرم نه تمام ٿڌو.,Neutral
نتيجو اميدن مطابق بهترين نڪتو الحمدالله.,Positive
واهه، هن جو رويو ڏاڍو نرم ۽ سٺو هو.,Positive
مان تمام گهڻو مايوس آهيان، دل ئي نه ٿو لڳي.,Negative
يار، هي ته total flop آهي.,Negative
هي جڳهه تمام پرسڪون ۽ شاندار آهي.,Positive
Friend، تون ته Kamal ڪري ڇڏين ٿو!,Positive
نتيجو اميدن مطابق بهترين نڪتو الحمدالله.,Positive
meeting scheduled آهي 3PM تي.,Neutral
واهه، هن جو رويو ڏاڍو نرم ۽ سٺو هو.,Positive
مان چانهه پي رهيو آهيان.,Neutral
مون کي هي ڪم ڪرڻ ۾ ڏکيائي ٿي رهي آهي.,Negative
هن وقت سڀ ڪجهه برباد لڳي ٿو.,Negative
Internet به slow ۽ irritating آهي.,Negative
اهو ڏينهن خوشيءَ سان ڀرپور هو، دل خوش ٿي وئي.,Positive
توهان سان ڳالهائڻ جو تجربو خراب هو.,Negative
توهان سان ملڻ وڏي خوشي هئي، دل لڳي وئي.,Positive
هو دڪان مان واپس آيو.,Neutral
توهان سان ملڻ وڏي خوشي هئي، دل لڳي وئي.,Positive
Friend، تون ته Kamal ڪري ڇڏين ٿو!,Positive
هي ريسٽورنٽ ته wow آهي، taste amazing!,Positive
Friend، تون ته Kamal ڪري ڇڏين ٿو!,Positive
meeting scheduled آهي 3PM تي.,Neutral
زندگي ڏاڍي ڏکي لڳي ٿي، هر شي خراب پئي لڳي.,Negative
هي ڪو ڪم ڪرڻ جو طريقو آهي ڇا؟ nonsense!,Negative
نتيجو اميدن مطابق بهترين نڪتو الحمدالله.,Positive
ڪتاب ميز تي رکيل آهي.,Neutral
هي فلم بلڪل خراب هئي، پئسا ضايع.,Negative
يار، هي ته total flop آهي.,Negative
توهان سان ڳالهائڻ جو تجربو خراب هو.,Negative
هي فلم ڏاڍي مزيدار هئي، دوباره ڏسندس.,Positive
مان تمام گهڻو مايوس آهيان، دل ئي نه ٿو لڳي.,Negative
ڪلاس وقت تي شروع ٿيو.,Neutral
مان چانهه پي رهيو آهيان.,Neutral
اهو ڏينهن خوشيءَ سان ڀرپور هو، دل خوش ٿي وئي.,Positive
مون کي هي شيءِ بلڪل پسند نه آئي.,Negative
مون کي هي شيءِ بلڪل پسند نه آئي.,Negative
هن وقت سڀ ڪجهه برباد لڳي ٿو.,Negative
ڪلاس وقت تي شروع ٿيو.,Neutral
اهو ڏينهن خوشيءَ سان ڀرپور هو، دل خوش ٿي وئي.,Positive
هي فيصلو بلڪل غلط هو، ناانصافي آهي.,Negative
هي ريسٽورنٽ ته wow آهي، taste amazing!,Positive
مان laptop تي ڪم ڪري رهيو آهيان.,Neutral
توهان سان ڳالهائڻ جو تجربو خراب هو.,Negative
هو اڄ office ۾ مصروف هو.,Neutral
هي ريسٽورنٽ ته wow آهي، taste amazing!,Positive
پروجيڪٽ تي ڪم جاري آهي.,Neutral
ڪلاس وقت تي شروع ٿيو.,Neutral
هي جڳهه تمام شور شرابو ۽ بي آرام آهي.,Negative
هي فيصلو بلڪل غلط هو، ناانصافي آهي.,Negative
توهان جو رويو بلڪل سٺو نه هو، disappointed.,Negative
ڪلاس وقت تي شروع ٿيو.,Neutral
هي ريسٽورنٽ ته wow آهي، taste amazing!,Positive
هو مارڪيٽ ويو هو، ڪجهه شيون وٺڻ لاءِ.,Neutral
هو ٽي وي ڏسي رهيو هو.,Neutral
توهان سان ڳالهائڻ جو تجربو خراب هو.,Negative
هي جڳهه تمام شور شرابو ۽ بي آرام آهي.,Negative
يار، اهو ڏينهن ڏاڍو خراب گذريو.,Negative
هو مارڪيٽ ويو هو، ڪجهه شيون وٺڻ لاءِ.,Neutral
هن وقت سڀ ڪجهه برباد لڳي ٿو.,Negative
اڄ سومر آهي.,Neutral
meeting scheduled آهي 3PM تي.,Neutral
اڄ سومر آهي.,Neutral
Internet به slow ۽ irritating آهي.,Negative
هو ٽي وي ڏسي رهيو هو.,Neutral
ڪتاب ميز تي رکيل آهي.,Neutral
يار، هي ته total flop آهي.,Negative
Friend، تون ته Kamal ڪري ڇڏين ٿو!,Positive
meeting scheduled آهي 3PM تي.,Neutral
Friend، تون ته Kamal ڪري ڇڏين ٿو!,Positive
پروجيڪٽ تي ڪم جاري آهي.,Neutral
هو مارڪيٽ ويو هو، ڪجهه شيون وٺڻ لاءِ.,Neutral
Boss today meeting zabardast رهي!,Positive
ڪلاس وقت تي شروع ٿيو.,Neutral
Friend، تون ته Kamal ڪري ڇڏين ٿو!,Positive
Friend، تون ته Kamal ڪري ڇڏين ٿو!,Positive
اڄ موسم عام آهي، نه تمام گرم نه تمام ٿڌو.,Neutral
توهان سان ڳالهائڻ جو تجربو خراب هو.,Negative
Friend، تون ته Kamal ڪري ڇڏين ٿو!,Positive
اڄ موسم عام آهي، نه تمام گرم نه تمام ٿڌو.,Neutral
meeting scheduled آهي 3PM تي.,Neutral
نتيجو اميدن مطابق بهترين نڪتو الحمدالله.,Positive
توهان سان ملڻ وڏي خوشي هئي، دل لڳي وئي.,Positive
مان چانهه پي رهيو آهيان.,Neutral
مان تمام گهڻو مايوس آهيان، دل ئي نه ٿو لڳي.,Negative
مون کي هي شيءِ بلڪل پسند نه آئي.,Negative
مون کي تنهنجي ڳالهه ڏاڍي پسند آئي، دل سان ڳالهائي.,Positive
سندس مدد سان سڀ ڪجهه آساني سان ٿي ويو.,Positive
توهان جو رويو بلڪل سٺو نه هو، disappointed.,Negative
Friend، تون ته Kamal ڪري ڇڏين ٿو!,Positive
هو مارڪيٽ ويو هو، ڪجهه شيون وٺڻ لاءِ.,Neutral
مون کي هي شيءِ بلڪل پسند نه آئي.,Negative
هي فلم بلڪل خراب هئي، پئسا ضايع.,Negative
زندگي تمام خوبصورت آهي ماشاءَالله.,Positive
واهه، هن جو رويو ڏاڍو نرم ۽ سٺو هو.,Positive
هي فلم ڏاڍي مزيدار هئي، دوباره ڏسندس.,Positive
ڪلاس وقت تي شروع ٿيو.,Neutral
ڪتاب ميز تي رکيل آهي.,Neutral
مان laptop تي ڪم ڪري رهيو آهيان.,Neutral
Boss today meeting zabardast رهي!,Positive
مون کي هي شيءِ بلڪل پسند نه آئي.,Negative
مون کي هي شيءِ تمام گهڻي پسند آئي!,Positive
مان چانهه پي رهيو آهيان.,Neutral
يار، اهو ڏينهن ڏاڍو خراب گذريو.,Negative
هي جڳهه تمام شور شرابو ۽ بي آرام آهي.,Negative
نتيجو اميدن مطابق بهترين نڪتو الحمدالله.,Positive
اڄ سومر آهي.,Neutral
هي جڳهه تمام پرسڪون ۽ شاندار آهي.,Positive
اهو ماڻهو پارڪ ۾ آهي.,Neutral
هي فيصلو بلڪل غلط هو، ناانصافي آهي.,Negative
روڊ تي ٽريفڪ عام آهي.,Neutral
هي فيصلو بلڪل غلط هو، ناانصافي آهي.,Negative
ڪتاب ميز تي رکيل آهي.,Neutral
Friend، تون ته Kamal ڪري ڇڏين ٿو!,Positive
واهه يار، زبردست ڪم ڪيو اٿئي!,Positive
زندگي تمام خوبصورت آهي ماشاءَالله.,Positive
پروجيڪٽ تي ڪم جاري آهي.,Neutral
ڪتاب ميز تي رکيل آهي.,Neutral
mobile charge تي لڳايو اٿم.,Neutral
مون کي هي ڪم ڪرڻ ۾ ڏکيائي ٿي رهي آهي.,Negative
Internet به slow ۽ irritating آهي.,Negative
توهان سان ملڻ وڏي خوشي هئي، دل لڳي وئي.,Positive
مون کي هي ڪم ڪرڻ ۾ ڏکيائي ٿي رهي آهي.,Negative
هن وقت سڀ ڪجهه برباد لڳي ٿو.,Negative
ڪلاس وقت تي شروع ٿيو.,Neutral
نتيجو اميدن مطابق بهترين نڪتو الحمدالله.,Positive
ڪتاب ميز تي رکيل آهي.,Neutral
هي فيصلو بلڪل غلط هو، ناانصافي آهي.,Negative
mobile charge تي لڳايو اٿم.,Neutral
توهان جو ڪم بهترين آهي، keep it up!,Positive
نتيجو اميدن مطابق بهترين نڪتو الحمدالله.,Positive
توهان جو رويو بلڪل سٺو نه هو، disappointed.,Negative
mobile charge تي لڳايو اٿم.,Neutral
هو مارڪيٽ ويو هو، ڪجهه شيون وٺڻ لاءِ.,Neutral
اڄ موسم عام آهي، نه تمام گرم نه تمام ٿڌو.,Neutral
هي فلم ڏاڍي مزيدار هئي، دوباره ڏسندس.,Positive
اهو ڏينهن خوشيءَ سان ڀرپور هو، دل خوش ٿي وئي.,Positive
هي ڪو ڪم ڪرڻ جو طريقو آهي ڇا؟ nonsense!,Negative
واهه، هن جو رويو ڏاڍو نرم ۽ سٺو هو.,Positive
Boss today meeting zabardast رهي!,Positive
زندگي ڏاڍي ڏکي لڳي ٿي، هر شي خراب پئي لڳي.,Negative
هو اڄ office ۾ مصروف هو.,Neutral
مون کي هي شيءِ بلڪل پسند نه آئي.,Negative
مان چانهه پي رهيو آهيان.,Neutral
اڄ موسم عام آهي، نه تمام گرم نه تمام ٿڌو.,Neutral
مون کي هي شيءِ تمام گهڻي پسند آئي!,Positive
هو اڄ office ۾ مصروف هو.,Neutral
هي فيصلو بلڪل غلط هو، ناانصافي آهي.,Negative
هي جڳهه تمام پرسڪون ۽ شاندار آهي.,Positive
مون کي تنهنجي ڳالهه ڏاڍي پسند آئي، دل سان ڳالهائي.,Positive
هي ريسٽورنٽ ته wow آهي، taste amazing!,Positive
Service zero هئي، staff rude هو.,Negative
پروجيڪٽ تي ڪم جاري آهي.,Neutral
هو اڄ office ۾ مصروف هو.,Neutral
هي فيصلو بلڪل غلط هو، ناانصافي آهي.,Negative
ڪلاس وقت تي شروع ٿيو.,Neutral
مان تمام گهڻو مايوس آهيان، دل ئي نه ٿو لڳي.,Negative
مان تمام گهڻو مايوس آهيان، دل ئي نه ٿو لڳي.,Negative
زندگي تمام خوبصورت آهي ماشاءَالله.,Positive
اڄ سومر آهي.,Neutral
ڪلاس وقت تي شروع ٿيو.,Neutral
يار، هي ته total flop آهي.,Negative
مان تمام گهڻو مايوس آهيان، دل ئي نه ٿو لڳي.,Negative
مان چانهه پي رهيو آهيان.,Neutral
mobile charge تي لڳايو اٿم.,Neutral
مان چانهه پي رهيو آهيان.,Neutral
يار، هي ته total flop آهي.,Negative
mobile charge تي لڳايو اٿم.,Neutral
Service zero هئي، staff rude هو.,Negative
هي جڳهه تمام پرسڪون ۽ شاندار آهي.,Positive
هي فيصلو بلڪل غلط هو، ناانصافي آهي.,Negative
ڪلاس وقت تي شروع ٿيو.,Neutral
Service zero هئي، staff rude هو.,Negative
واهه يار، زبردست ڪم ڪيو اٿئي!,Positive
هي ريسٽورنٽ ته wow آهي، taste amazing!,Positive
هي ڪو ڪم ڪرڻ جو طريقو آهي ڇا؟ nonsense!,Negative
مون کي هي شيءِ تمام گهڻي پسند آئي!,Positive
يار، اهو ڏينهن ڏاڍو خراب گذريو.,Negative
توهان سان ڳالهائڻ جو تجربو خراب هو.,Negative
mobile charge تي لڳايو اٿم.,Neutral
مان laptop تي ڪم ڪري رهيو آهيان.,Neutral
پروجيڪٽ تي ڪم جاري آهي.,Neutral
مون کي هي شيءِ بلڪل پسند نه آئي.,Negative
پروجيڪٽ تي ڪم جاري آهي.,Neutral
هي ڪو ڪم ڪرڻ جو طريقو آهي ڇا؟ nonsense!,Negative
واهه، هن جو رويو ڏاڍو نرم ۽ سٺو هو.,Positive
Internet به slow ۽ irritating آهي.,Negative
واهه، هن جو رويو ڏاڍو نرم ۽ سٺو هو.,Positive
واهه يار، زبردست ڪم ڪيو اٿئي!,Positive
مون کي تنهنجي ڳالهه ڏاڍي پسند آئي، دل سان ڳالهائي.,Positive
هي ڪو ڪم ڪرڻ جو طريقو آهي ڇا؟ nonsense!,Negative
روڊ تي ٽريفڪ عام آهي.,Neutral
مون کي هي ڪم ڪرڻ ۾ ڏکيائي ٿي رهي آهي.,Negative
مون کي هي ڪم ڪرڻ ۾ ڏکيائي ٿي رهي آهي.,Negative
مان laptop تي ڪم ڪري رهيو آهيان.,Neutral
هي جڳهه تمام شور شرابو ۽ بي آرام آهي.,Negative
هو اڄ office ۾ مصروف هو.,Neutral
mobile charge تي لڳايو اٿم.,Neutral
توهان جو رويو بلڪل سٺو نه هو، disappointed.,Negative
هي فلم بلڪل خراب هئي، پئسا ضايع.,Negative
يار، هي ته total flop آهي.,Negative
هو ٽي وي ڏسي رهيو هو.,Neutral
زندگي ڏاڍي ڏکي لڳي ٿي، هر شي خراب پئي لڳي.,Negative
هي فلم بلڪل خراب هئي، پئسا ضايع.,Negative
توهان جو ڪم بهترين آهي، keep it up!,Positive
واهه، هن جو رويو ڏاڍو نرم ۽ سٺو هو.,Positive
mobile charge تي لڳايو اٿم.,Neutral
ڪلاس وقت تي شروع ٿيو.,Neutral
مان laptop تي ڪم ڪري رهيو آهيان.,Neutral
هي جڳهه تمام شور شرابو ۽ بي آرام آهي.,Negative
Friend، تون ته Kamal ڪري ڇڏين ٿو!,Positive
ڪلاس وقت تي شروع ٿيو.,Neutral
اهو ماڻهو پارڪ ۾ آهي.,Neutral
meeting scheduled آهي 3PM تي.,Neutral
مون کي هي شيءِ بلڪل پسند نه آئي.,Negative
مان چانهه پي رهيو آهيان.,Neutral
هي ريسٽورنٽ ته wow آهي، taste amazing!,Positive
هي ريسٽورنٽ ته wow آهي، taste amazing!,Positive
اهو ماڻهو پارڪ ۾ آهي.,Neutral
هو مارڪيٽ ويو هو، ڪجهه شيون وٺڻ لاءِ.,Neutral
يار، اهو ڏينهن ڏاڍو خراب گذريو.,Negative
meeting scheduled آهي 3PM تي.,Neutral
زندگي ڏاڍي ڏکي لڳي ٿي، هر شي خراب پئي لڳي.,Negative
واهه، هن جو رويو ڏاڍو نرم ۽ سٺو هو.,Positive
هي ڪو ڪم ڪرڻ جو طريقو آهي ڇا؟ nonsense!,Negative
زندگي تمام خوبصورت آهي ماشاءَالله.,Positive
زندگي تمام خوبصورت آهي ماشاءَالله.,Positive
يار، اهو ڏينهن ڏاڍو خراب گذريو.,Negative
هي فلم ڏاڍي مزيدار هئي، دوباره ڏسندس.,Positive
هي فلم بلڪل خراب هئي، پئسا ضايع.,Negative
نتيجو اميدن مطابق بهترين نڪتو الحمدالله.,Positive
اهو ماڻهو پارڪ ۾ آهي.,Neutral
پروجيڪٽ تي ڪم جاري آهي.,Neutral
واهه، هن جو رويو ڏاڍو نرم ۽ سٺو هو.,Positive
هي جڳهه تمام شور شرابو ۽ بي آرام آهي.,Negative
توهان سان ملڻ وڏي خوشي هئي، دل لڳي وئي.,Positive
هي فلم بلڪل خراب هئي، پئسا ضايع.,Negative
مون کي هي شيءِ تمام گهڻي پسند آئي!,Positive
هي جڳهه تمام پرسڪون ۽ شاندار آهي.,Positive
Boss today meeting zabardast رهي!,Positive
مون کي تنهنجي ڳالهه ڏاڍي پسند آئي، دل سان ڳالهائي.,Positive
meeting scheduled آهي 3PM تي.,Neutral
هن وقت سڀ ڪجهه برباد لڳي ٿو.,Negative
واهه، هن جو رويو ڏاڍو نرم ۽ سٺو هو.,Positive
هو مارڪيٽ ويو هو، ڪجهه شيون وٺڻ لاءِ.,Neutral
توهان جو ڪم بهترين آهي، keep it up!,Positive
مان چانهه پي رهيو آهيان.,Neutral
مان تمام گهڻو مايوس آهيان، دل ئي نه ٿو لڳي.,Negative
توهان جو ڪم بهترين آهي، keep it up!,Positive
هي فلم ڏاڍي مزيدار هئي، دوباره ڏسندس.,Positive
توهان جو رويو بلڪل سٺو نه هو، disappointed.,Negative
هي جڳهه تمام پرسڪون ۽ شاندار آهي.,Positive
زندگي ڏاڍي ڏکي لڳي ٿي، هر شي خراب پئي لڳي.,Negative
هي فلم ڏاڍي مزيدار هئي، دوباره ڏسندس.,Positive
يار، هي ته total flop آهي.,Negative
زندگي ڏاڍي ڏکي لڳي ٿي، هر شي خراب پئي لڳي.,Negative
مون کي تنهنجي ڳالهه ڏاڍي پسند آئي، دل سان ڳالهائي.,Positive
يار، هي ته total flop آهي.,Negative
يار، هي ته total flop آهي.,Negative
توهان جو رويو بلڪل سٺو نه هو، disappointed.,Negative
روڊ تي ٽريفڪ عام آهي.,Neutral
اڄ سومر آهي.,Neutral
زندگي تمام خوبصورت آهي ماشاءَالله.,Positive
Boss today meeting zabardast رهي!,Positive
ڪتاب ميز تي رکيل آهي.,Neutral
هي فيصلو بلڪل غلط هو، ناانصافي آهي.,Negative
Internet به slow ۽ irritating آهي.,Negative
Boss today meeting zabardast رهي!,Positive
هو مارڪيٽ ويو هو، ڪجهه شيون وٺڻ لاءِ.,Neutral
هن وقت سڀ ڪجهه برباد لڳي ٿو.,Negative
زندگي تمام خوبصورت آهي ماشاءَالله.,Positive
اهو ڏينهن خوشيءَ سان ڀرپور هو، دل خوش ٿي وئي.,Positive
مون کي هي شيءِ بلڪل پسند نه آئي.,Negative
توهان جو رويو بلڪل سٺو نه هو، disappointed.,Negative
توهان جو رويو بلڪل سٺو نه هو، disappointed.,Negative
هي فيصلو بلڪل غلط هو، ناانصافي آهي.,Negative
هن وقت سڀ ڪجهه برباد لڳي ٿو.,Negative
يار، اهو ڏينهن ڏاڍو خراب گذريو.,Negative
يار، هي ته total flop آهي.,Negative
Boss today meeting zabardast رهي!,Positive
توهان جو رويو بلڪل سٺو نه هو، disappointed.,Negative
Internet به slow ۽ irritating آهي.,Negative
ڪلاس وقت تي شروع ٿيو.,Neutral
اهو ماڻهو پارڪ ۾ آهي.,Neutral
واهه، هن جو رويو ڏاڍو نرم ۽ سٺو هو.,Positive
مون کي هي ڪم ڪرڻ ۾ ڏکيائي ٿي رهي آهي.,Negative
مان چانهه پي رهيو آهيان.,Neutral
روڊ تي ٽريفڪ عام آهي.,Neutral


